{
    "accuracy": 0.8935185074806213,
    "loss": 0.3211429715156555
}