{
    "accuracy": 0.9120370149612427,
    "loss": 0.33595824241638184
}