{
    "accuracy": 0.9120370149612427,
    "loss": 0.31534144282341003
}