{
    "accuracy": 0.6759259104728699,
    "loss": 0.9395962357521057
}