{
    "accuracy": 0.9490740895271301,
    "loss": 0.23854279518127441
}